launchTime, launchX, launchY, landTime, landX, landY, FlightTime, Distance
68.000000, 702651.022138, 4309963.614384, 68.403984, 702555.656188, 4309883.592851, 0.403984, 124.491406
